{
    "swagger": "2.0",
    "info": {
        "title": "GTO",
        "version": "1.0.0"
    },
    "host": "petrodim.beget.tech",
    "basePath": "/",
    "schemes": [
        "http"
    ],
    "paths": {
        "/api/v1/organization/{id}/localAdmin/withoutMessageToEmail": {
            "post": {
                "tags": [
                    "LocalAdmin"
                ],
                "summary": "\u0434\u043e\u0431\u0430\u0432\u043b\u044f\u0435\u0442 \u043b\u043e\u043a\u0430\u043b\u044c\u043d\u043e\u0433\u043e \u0430\u0434\u043c\u0438\u043d\u0438\u0441\u0442\u0440\u0430\u0442\u043e\u0440\u0430 \u0431\u0435\u0437 \u043e\u0442\u043f\u0440\u0430\u0432\u043a\u0438 \u0435\u043c\u0443 \u043d\u0430 \u043f\u043e\u0447\u0442\u0443 \u0441\u0441\u044b\u043b\u043a\u0438, \u043f\u043e \u043a\u043e\u0442\u043e\u0440\u043e\u0439 \u043e\u043d \u043c\u043e\u0436\u0435\u0442 \u043f\u0435\u0440\u0435\u0439\u0442\u0438, \u0447\u0442\u043e\u0431\u044b \u0437\u0430\u0434\u0430\u0442\u044c \u0441\u0432\u043e\u0435 \u0438\u043c\u044f \u0438 \u043d\u043e\u0432\u044b\u0439 \u043f\u0430\u0440\u043e\u043b\u044c",
                "parameters": [
                    {
                        "name": "Authorization",
                        "in": "header",
                        "description": "\u0442\u043e\u043a\u0435\u043d",
                        "type": "string"
                    },
                    {
                        "name": "id",
                        "in": "query",
                        "description": "id \u043e\u0440\u0433\u0430\u043d\u0438\u0437\u0430\u0446\u0438\u0438, \u043a \u043a\u043e\u0442\u043e\u0440\u043e\u0439 \u0431\u0443\u0434\u0435\u043c \u0434\u043e\u0431\u0430\u0432\u043b\u044f\u0442\u044c \u043b\u043e\u043a\u0430\u043b\u044c\u043d\u043e\u0433\u043e \u0430\u0434\u043c\u0438\u043d\u0430",
                        "type": "integer"
                    },
                    {
                        "name": "body",
                        "in": "body",
                        "schema": {
                            "$ref": "#/definitions/LocalAdminRequest"
                        }
                    }
                ],
                "responses": {
                    "200": {
                        "description": "OK",
                        "schema": {
                            "properties": {
                                "id": {
                                    "type": "integer"
                                }
                            }
                        }
                    },
                    "400": {
                        "description": "Error",
                        "schema": {
                            "properties": {
                                "errors": {
                                    "type": "array",
                                    "items": {
                                        "properties": {
                                            "type": {
                                                "type": "string"
                                            },
                                            "description": {
                                                "type": "string"
                                            }
                                        }
                                    }
                                }
                            }
                        }
                    }
                }
            }
        },
        "/api/v1/organization/{id}/localAdmin/{idLocalAdmin}": {
            "get": {
                "tags": [
                    "LocalAdmin"
                ],
                "summary": "\u043f\u043e\u043b\u0443\u0447\u0435\u043d\u0438\u0435 \u043b\u043e\u043a\u0430\u043b\u044c\u043d\u043e\u0433\u043e \u0430\u0434\u043c\u0438\u043d\u0430 \u043f\u043e id, \u043e\u0442\u043d\u043e\u0441\u044f\u0449\u0438\u0439\u0441\u044f \u043a \u043a\u043e\u043d\u0435\u043a\u0440\u0442\u043d\u043e\u0439 \u043e\u0440\u0433\u0430\u043d\u0438\u0437\u0430\u0446\u0438\u0438",
                "parameters": [
                    {
                        "name": "id",
                        "in": "query",
                        "description": "id \u043e\u0440\u0433\u0430\u043d\u0438\u0437\u0430\u0446\u0438\u0438",
                        "type": "integer"
                    },
                    {
                        "name": "idLocalAdmin",
                        "in": "query",
                        "description": "id \u043b\u043e\u043a\u0430\u043b\u044c\u043d\u043e\u0433\u043e \u0430\u0434\u043c\u0438\u043d\u0430",
                        "type": "integer"
                    }
                ],
                "responses": {
                    "200": {
                        "description": "OK",
                        "schema": {
                            "$ref": "#/definitions/LocalAdminResponse"
                        }
                    },
                    "404": {
                        "description": "Not found"
                    },
                    "400": {
                        "description": "Error",
                        "schema": {
                            "properties": {
                                "errors": {
                                    "type": "array",
                                    "items": {
                                        "properties": {
                                            "type": {
                                                "type": "string"
                                            },
                                            "description": {
                                                "type": "string"
                                            }
                                        }
                                    }
                                }
                            }
                        }
                    }
                }
            },
            "delete": {
                "tags": [
                    "LocalAdmin"
                ],
                "summary": "\u0443\u0434\u0430\u043b\u044f\u0435\u0442 \u043b\u043e\u043a\u0430\u043b\u044c\u043d\u043e\u0433\u043e \u0430\u0434\u043c\u0438\u043d\u0430, \u043e\u0442\u043d\u043e\u0441\u044f\u0449\u0435\u0433\u043e \u043a \u043e\u043f\u0440\u0435\u0434\u0435\u043b\u0435\u043d\u043d\u043e\u0439 \u043e\u0440\u0433\u0430\u043d\u0438\u0437\u0430\u0446\u0438\u0438, \u043f\u043e id",
                "parameters": [
                    {
                        "name": "id",
                        "in": "query",
                        "description": "id \u043e\u0440\u0433\u0430\u043d\u0438\u0437\u0430\u0446\u0438\u0438",
                        "type": "integer"
                    },
                    {
                        "name": "idLocalAdmin",
                        "in": "query",
                        "description": "id \u043b\u043e\u043a\u0430\u043b\u044c\u043d\u043e\u0433\u043e \u0430\u0434\u043c\u0438\u043d\u0430",
                        "type": "integer"
                    },
                    {
                        "name": "Authorization",
                        "in": "header",
                        "description": "\u0442\u043e\u043a\u0435\u043d",
                        "type": "string"
                    }
                ],
                "responses": {
                    "200": {
                        "description": "OK"
                    },
                    "400": {
                        "description": "Error",
                        "schema": {
                            "properties": {
                                "errors": {
                                    "type": "array",
                                    "items": {
                                        "properties": {
                                            "type": {
                                                "type": "string"
                                            },
                                            "description": {
                                                "type": "string"
                                            }
                                        }
                                    }
                                }
                            }
                        }
                    }
                }
            }
        },
        "/api/v1/organization/{id}/localAdmin": {
            "get": {
                "tags": [
                    "LocalAdmin"
                ],
                "summary": "\u043f\u043e\u043b\u0443\u0447\u0435\u043d\u0438\u0435 \u0432\u0441\u0435\u0445 \u0441\u0443\u0449\u0435\u0441\u0442\u0432\u0443\u044e\u0449\u0438\u044a\u0445 \u043b\u043e\u043a\u0430\u043b\u044c\u043d\u044b\u0445 \u0430\u0434\u043c\u0438\u043d\u0438\u0441\u0442\u0440\u0430\u0442\u043e\u0440\u043e\u0432, \u043e\u0442\u043d\u043e\u0441\u044f\u0449\u0438\u0445\u0441\u044f \u043a \u043e\u043f\u0440\u0435\u0434\u0435\u043b\u0435\u043d\u043d\u043e\u0439 \u043e\u0440\u0433\u0430\u043d\u0438\u0437\u0430\u0446\u0438\u0438",
                "parameters": [
                    {
                        "name": "id",
                        "in": "query",
                        "description": "id \u043e\u0440\u0433\u0430\u043d\u0438\u0437\u0430\u0446\u0438\u0438",
                        "type": "integer"
                    }
                ],
                "responses": {
                    "200": {
                        "description": "OK",
                        "schema": {
                            "type": "array",
                            "items": {
                                "$ref": "#/definitions/LocalAdminResponse"
                            }
                        }
                    },
                    "404": {
                        "description": "Not found"
                    },
                    "400": {
                        "description": "Error",
                        "schema": {
                            "properties": {
                                "errors": {
                                    "type": "array",
                                    "items": {
                                        "properties": {
                                            "type": {
                                                "type": "string"
                                            },
                                            "description": {
                                                "type": "string"
                                            }
                                        }
                                    }
                                }
                            }
                        }
                    }
                }
            }
        },
        "/api/v1/organization": {
            "get": {
                "tags": [
                    "Organization"
                ],
                "summary": "\u043f\u043e\u043b\u0443\u0447\u0435\u043d\u0438\u0435 \u0432\u0441\u0435 \u0441\u0443\u0449\u0435\u0441\u0442\u0432\u0443\u044e\u0449\u0438\u0435 \u043e\u0440\u0433\u0430\u043d\u0438\u0437\u0430\u0446\u0438\u0438",
                "responses": {
                    "200": {
                        "description": "OK",
                        "schema": {
                            "type": "array",
                            "items": {
                                "$ref": "#/definitions/OrganizationResponse"
                            }
                        }
                    },
                    "404": {
                        "description": "Not found"
                    },
                    "400": {
                        "description": "Error",
                        "schema": {
                            "properties": {
                                "errors": {
                                    "type": "array",
                                    "items": {
                                        "properties": {
                                            "type": {
                                                "type": "string"
                                            },
                                            "description": {
                                                "type": "string"
                                            }
                                        }
                                    }
                                }
                            }
                        }
                    }
                }
            },
            "post": {
                "tags": [
                    "Organization"
                ],
                "summary": "\u0434\u043e\u0431\u0430\u0432\u043b\u044f\u0435\u0442 \u043e\u0440\u0433\u0430\u043d\u0438\u0437\u0430\u0446\u0438\u044e",
                "parameters": [
                    {
                        "name": "Authorization",
                        "in": "header",
                        "description": "\u0442\u043e\u043a\u0435\u043d",
                        "type": "string"
                    },
                    {
                        "name": "body",
                        "in": "body",
                        "schema": {
                            "$ref": "#/definitions/OrganizationRequest"
                        }
                    }
                ],
                "responses": {
                    "200": {
                        "description": "OK",
                        "schema": {
                            "properties": {
                                "id": {
                                    "type": "integer"
                                }
                            }
                        }
                    },
                    "400": {
                        "description": "Error",
                        "schema": {
                            "properties": {
                                "errors": {
                                    "type": "array",
                                    "items": {
                                        "properties": {
                                            "type": {
                                                "type": "string"
                                            },
                                            "description": {
                                                "type": "string"
                                            }
                                        }
                                    }
                                }
                            }
                        }
                    }
                }
            }
        },
        "/api/v1/organization/{id}": {
            "get": {
                "tags": [
                    "Organization"
                ],
                "summary": "\u043f\u043e\u043b\u0443\u0447\u0435\u043d\u0438\u0435 \u043e\u0440\u0433\u0430\u043d\u0438\u0437\u0430\u0446\u0438\u0438 \u043f\u043e id",
                "parameters": [
                    {
                        "name": "id",
                        "in": "query",
                        "description": "id \u043e\u0440\u0433\u0430\u043d\u0438\u0437\u0430\u0446\u0438\u0438",
                        "type": "integer"
                    }
                ],
                "responses": {
                    "200": {
                        "description": "OK",
                        "schema": {
                            "$ref": "#/definitions/OrganizationResponse"
                        }
                    },
                    "404": {
                        "description": "Not found"
                    },
                    "400": {
                        "description": "Error",
                        "schema": {
                            "properties": {
                                "errors": {
                                    "type": "array",
                                    "items": {
                                        "properties": {
                                            "type": {
                                                "type": "string"
                                            },
                                            "description": {
                                                "type": "string"
                                            }
                                        }
                                    }
                                }
                            }
                        }
                    }
                }
            },
            "put": {
                "tags": [
                    "Organization"
                ],
                "summary": "\u043e\u0431\u043d\u043e\u0432\u043b\u044f\u0435\u0442 \u0434\u0430\u043d\u043d\u044b\u0435 \u043e\u0431 \u043e\u0440\u0433\u0430\u043d\u0438\u0437\u0430\u0446\u0438\u0438, id \u043a\u043e\u0442\u043e\u0440\u043e\u0433\u043e \u043f\u0435\u0440\u0435\u0434\u0430\u043d",
                "parameters": [
                    {
                        "name": "id",
                        "in": "query",
                        "description": "id \u043e\u0440\u0433\u0430\u043d\u0438\u0437\u0430\u0446\u0438\u0438",
                        "type": "integer"
                    },
                    {
                        "name": "Authorization",
                        "in": "header",
                        "description": "\u0442\u043e\u043a\u0435\u043d",
                        "type": "string"
                    },
                    {
                        "name": "body",
                        "in": "body",
                        "schema": {
                            "$ref": "#/definitions/OrganizationRequest"
                        }
                    }
                ],
                "responses": {
                    "200": {
                        "description": "OK"
                    },
                    "400": {
                        "description": "Error",
                        "schema": {
                            "properties": {
                                "errors": {
                                    "type": "array",
                                    "items": {
                                        "properties": {
                                            "type": {
                                                "type": "string"
                                            },
                                            "description": {
                                                "type": "string"
                                            }
                                        }
                                    }
                                }
                            }
                        }
                    }
                }
            },
            "delete": {
                "tags": [
                    "Organization"
                ],
                "summary": "\u0443\u0434\u0430\u043b\u044f\u0435\u0442 \u043e\u0440\u0433\u0430\u043d\u0438\u0437\u0430\u0446\u0438\u044e \u043f\u043e id",
                "parameters": [
                    {
                        "name": "id",
                        "in": "query",
                        "description": "id \u043e\u0440\u0433\u0430\u043d\u0438\u0437\u0430\u0446\u0438\u0438",
                        "type": "integer"
                    },
                    {
                        "name": "Authorization",
                        "in": "header",
                        "description": "\u0442\u043e\u043a\u0435\u043d",
                        "type": "string"
                    }
                ],
                "responses": {
                    "200": {
                        "description": "OK"
                    }
                }
            }
        },
        "/api/v1/role": {
            "get": {
                "tags": [
                    "Role"
                ],
                "summary": "\u043f\u043e\u043b\u0443\u0447\u0435\u043d\u0438\u0435 \u0432\u0441\u0435\u0445 \u0440\u043e\u043b\u0435\u0439(\u043a\u0440\u043e\u043c\u0435 GLOBAL)",
                "operationId": "\u043f\u043e\u043b\u0443\u0447\u0435\u043d\u0438\u0435 \u0432\u0441\u0435\u0445 \u0440\u043e\u043b\u0435\u0439(\u043a\u0440\u043e\u043c\u0435 GLOBAL)",
                "responses": {
                    "200": {
                        "description": "OK",
                        "schema": {
                            "properties": {
                                "roles": {
                                    "type": "array",
                                    "items": {
                                        "properties": {
                                            "role_id": {
                                                "type": "integer"
                                            },
                                            "name_of_role": {
                                                "type": "string"
                                            }
                                        }
                                    }
                                }
                            }
                        }
                    }
                }
            }
        },
        "/api/v1/trial/{age}/{gender}": {
            "get": {
                "tags": [
                    "Trial"
                ],
                "summary": "\u043f\u043e\u043b\u0443\u0447\u0435\u043d\u0438\u0435 \u0441\u043f\u0438\u0441\u043a\u0430 \u0438\u0441\u043f\u044b\u0442\u0430\u043d\u0438\u0439 \u0434\u043b\u044f \u043e\u043f\u0440\u0435\u0434\u0435\u043b\u0435\u043d\u043d\u043e\u0433\u043e \u043f\u043e\u043b\u0430 \u0438 \u0432\u043e\u0437\u0440\u0430\u0441\u0442\u0430",
                "operationId": "\u043f\u043e\u043b\u0443\u0447\u0435\u043d\u0438\u0435 \u0441\u043f\u0438\u0441\u043a\u0430 \u0438\u0441\u043f\u044b\u0442\u0430\u043d\u0438\u0439 \u0434\u043b\u044f \u043e\u043f\u0440\u0435\u0434\u0435\u043b\u0435\u043d\u043d\u043e\u0433\u043e \u043f\u043e\u043b\u0430 \u0438 \u0432\u043e\u0437\u0440\u0430\u0441\u0442\u0430",
                "responses": {
                    "200": {
                        "description": "OK",
                        "schema": {
                            "properties": {
                                "groups": {
                                    "type": "array",
                                    "items": {
                                        "properties": {
                                            "necessary": {
                                                "type": "boolean"
                                            },
                                            "group": {
                                                "type": "array",
                                                "items": {
                                                    "properties": {
                                                        "trialName": {
                                                            "type": "string"
                                                        },
                                                        "trialId": {
                                                            "type": "integer"
                                                        },
                                                        "resultForBronze": {
                                                            "type": "number"
                                                        },
                                                        "resultForSilver": {
                                                            "type": "number"
                                                        },
                                                        "resultForGold": {
                                                            "type": "number"
                                                        },
                                                        "typeTime": {
                                                            "type": "boolean"
                                                        }
                                                    }
                                                }
                                            }
                                        }
                                    }
                                },
                                "ageCategory": {
                                    "type": "string"
                                }
                            }
                        }
                    },
                    "400": {
                        "description": "Error",
                        "schema": {
                            "properties": {
                                "errors": {
                                    "type": "array",
                                    "items": {
                                        "properties": {
                                            "type": {
                                                "type": "string"
                                            },
                                            "description": {
                                                "type": "string"
                                            }
                                        }
                                    }
                                }
                            }
                        }
                    }
                }
            }
        },
        "/api/v1/trial/{id}/firstResult": {
            "get": {
                "tags": [
                    "Trial"
                ],
                "summary": "\u041f\u043e\u043b\u0443\u0447\u0435\u043d\u0438\u0435 \u0432\u0442\u043e\u0440\u0438\u0447\u043d\u043e\u0433\u043e \u0440\u0435\u0437\u0443\u043b\u044c\u0442\u0430\u0442\u0430 \u043f\u043e \u0438\u0441\u043f\u044b\u0442\u0430\u043d\u0438\u044e \u0438\u0441\u0445\u043e\u0434\u044f \u0438\u0437 \u043f\u0435\u0440\u0432\u0438\u0447\u043d\u043e\u0433\u043e \u0440\u0435\u0437\u0443\u043b\u044c\u0442\u0430\u0442\u0430 \u0438\u0437 \u0442\u0430\u0431\u043b\u0438\u0446\u044b \u043f\u043e \u043f\u0435\u0440\u0435\u0432\u043e\u0434\u0443",
                "operationId": "\u041f\u043e\u043b\u0443\u0447\u0435\u043d\u0438\u0435 \u0432\u0442\u043e\u0440\u0438\u0447\u043d\u043e\u0433\u043e \u0440\u0435\u0437\u0443\u043b\u044c\u0442\u0430\u0442\u0430 \u043f\u043e \u0438\u0441\u043f\u044b\u0442\u0430\u043d\u0438\u044e \u0438\u0441\u0445\u043e\u0434\u044f \u0438\u0437 \u043f\u0435\u0440\u0432\u0438\u0447\u043d\u043e\u0433\u043e \u0440\u0435\u0437\u0443\u043b\u044c\u0442\u0430\u0442\u0430 \u0438\u0437 \u0442\u0430\u0431\u043b\u0438\u0446\u044b \u043f\u043e \u043f\u0435\u0440\u0435\u0432\u043e\u0434\u0443",
                "parameters": [
                    {
                        "name": "firstResult",
                        "in": "query",
                        "type": "integer"
                    }
                ],
                "responses": {
                    "200": {
                        "description": "OK",
                        "schema": {
                            "properties": {
                                "secondResult": {
                                    "type": "number"
                                }
                            }
                        }
                    },
                    "400": {
                        "description": "Error",
                        "schema": {
                            "properties": {
                                "errors": {
                                    "type": "array",
                                    "items": {
                                        "properties": {
                                            "type": {
                                                "type": "string"
                                            },
                                            "description": {
                                                "type": "string"
                                            }
                                        }
                                    }
                                }
                            }
                        }
                    }
                }
            }
        },
        "/api/v1/auth/login": {
            "post": {
                "tags": [
                    "User"
                ],
                "summary": "\u0430\u0432\u0442\u043e\u0440\u0438\u0437\u0443\u0435\u0442 \u043f\u043e\u043b\u044c\u0437\u043e\u0432\u0430\u0442\u0435\u043b\u0435\u0439, \u0432\u043e\u0437\u0432\u0440\u0430\u0449\u0430\u044f \u0430\u043a\u0441\u0435\u0441\u0441 \u0438 \u0440\u0435\u0444\u0440\u0435\u0448 \u0442\u043e\u043a\u0435\u043d\u044b",
                "operationId": "\u0430\u0432\u0442\u043e\u0440\u0438\u0437\u0443\u0435\u0442 \u043f\u043e\u043b\u044c\u0437\u043e\u0432\u0430\u0442\u0435\u043b\u0435\u0439, \u0432\u043e\u0437\u0432\u0440\u0430\u0449\u0430\u044f \u0430\u043a\u0441\u0435\u0441\u0441 \u0438 \u0440\u0435\u0444\u0440\u0435\u0448 \u0442\u043e\u043a\u0435\u043d\u044b",
                "parameters": [
                    {
                        "name": "body",
                        "in": "body",
                        "schema": {
                            "properties": {
                                "email": {
                                    "type": "string"
                                },
                                "password": {
                                    "description": "length min 6 symbols",
                                    "type": "string"
                                }
                            }
                        }
                    }
                ],
                "responses": {
                    "200": {
                        "description": "OK",
                        "schema": {
                            "properties": {
                                "accessToken": {
                                    "type": "string"
                                },
                                "refreshToken": {
                                    "type": "string"
                                }
                            }
                        }
                    },
                    "400": {
                        "description": "Error",
                        "schema": {
                            "properties": {
                                "errors": {
                                    "type": "array",
                                    "items": {
                                        "properties": {
                                            "type": {
                                                "type": "string"
                                            },
                                            "description": {
                                                "type": "string"
                                            }
                                        }
                                    }
                                }
                            }
                        }
                    }
                }
            }
        },
        "/api/v1/auth/refresh": {
            "post": {
                "tags": [
                    "User"
                ],
                "summary": "\u0432\u043e\u0437\u0432\u0440\u0430\u0449\u0430\u0435\u0442 \u043d\u043e\u0432\u0443\u044e \u043f\u0430\u0440\u0443 \u0430\u043a\u0441\u0435\u0441\u0441 \u0438 \u0440\u0435\u0444\u0440\u0435\u0448 \u0442\u043e\u043a\u0435\u043d\u043e\u0432",
                "operationId": "\u0432\u043e\u0437\u0432\u0440\u0430\u0449\u0430\u0435\u0442 \u043d\u043e\u0432\u0443\u044e \u043f\u0430\u0440\u0443 \u0430\u043a\u0441\u0435\u0441\u0441 \u0438 \u0440\u0435\u0444\u0440\u0435\u0448 \u0442\u043e\u043a\u0435\u043d\u043e\u0432",
                "parameters": [
                    {
                        "name": "Authorization",
                        "in": "header",
                        "type": "string"
                    }
                ],
                "responses": {
                    "200": {
                        "description": "OK",
                        "schema": {
                            "properties": {
                                "accessToken": {
                                    "type": "string"
                                },
                                "refreshToken": {
                                    "type": "string"
                                }
                            }
                        }
                    },
                    "400": {
                        "description": "Error",
                        "schema": {
                            "properties": {
                                "errors": {
                                    "type": "array",
                                    "items": {
                                        "properties": {
                                            "type": {
                                                "type": "string"
                                            },
                                            "description": {
                                                "type": "string"
                                            }
                                        }
                                    }
                                }
                            }
                        }
                    }
                }
            }
        }
    },
    "definitions": {
        "OrganizationResponse": {
            "properties": {
                "id": {
                    "type": "integer"
                },
                "name": {
                    "type": "string"
                },
                "address": {
                    "type": "string"
                },
                "leader": {
                    "type": "string"
                },
                "phoneNumber": {
                    "type": "string"
                },
                "OQRN": {
                    "type": "string"
                },
                "payment_account": {
                    "type": "string"
                },
                "branch": {
                    "type": "string"
                },
                "bik": {
                    "type": "string"
                },
                "correspondent_account": {
                    "type": "string"
                }
            },
            "type": "object"
        },
        "OrganizationRequest": {
            "properties": {
                "name": {
                    "type": "string"
                },
                "address": {
                    "type": "string"
                },
                "leader": {
                    "type": "string"
                },
                "phoneNumber": {
                    "type": "string"
                },
                "oqrn": {
                    "type": "string"
                },
                "paymentAccount": {
                    "type": "string"
                },
                "branch": {
                    "type": "string"
                },
                "bik": {
                    "type": "string"
                },
                "correspondentAccount": {
                    "type": "string"
                }
            },
            "type": "object"
        },
        "LocalAdminRequest": {
            "properties": {
                "name": {
                    "type": "string"
                },
                "password": {
                    "type": "string"
                },
                "email": {
                    "type": "string"
                }
            },
            "type": "object"
        },
        "LocalAdminResponse": {
            "properties": {
                "userId": {
                    "type": "integer"
                },
                "name": {
                    "type": "string"
                },
                "email": {
                    "type": "string"
                },
                "roleId": {
                    "type": "integer"
                },
                "isActivity": {
                    "type": "string"
                },
                "registrationDate": {
                    "type": "string"
                },
                "organizationId": {
                    "type": "string"
                },
                "localAdminId": {
                    "type": "integer"
                }
            },
            "type": "object"
        }
    },
    "responses": {
        "400": {
            "description": "Error",
            "schema": {
                "properties": {
                    "errors": {
                        "type": "array",
                        "items": {
                            "properties": {
                                "type": {
                                    "type": "string"
                                },
                                "description": {
                                    "type": "string"
                                }
                            }
                        }
                    }
                }
            }
        }
    }
}